GEO_CODE,GEO_NAME,2000,2001,2002,2003,2004,2005,2006,2007,2008,2009,2010,2011,2012,2013,2014,2015,2016,2017,2018,2019,2020,2021,2022,2023,2024,2025
AT11,Burgenland,12.8,12.3,14.3,16.0,13.7,15.4,15.6,13.7,14.9,17.1,16.4,16.9,15.5,18.6,32.0,41.3,38.8,37.0,37.2,39.0,44.2,44.6,41.5,41.0,41.6,43.4
AT12,Niederösterreich,13.8,13.8,13.9,12.7,18.8,16.0,16.2,15.8,15.6,17.1,16.2,17.9,19.5,19.6,38.7,39.0,40.0,41.2,39.0,38.9,38.7,40.2,39.4,39.7,44.1,39.5
AT13,Wien,20.5,19.9,21.9,22.7,28.5,28.4,24.8,24.6,24.7,29.5,29.6,27.7,30.8,36.0,47.1,48.2,46.3,47.6,48.2,50.5,50.1,51.6,52.2,51.6,53.1,51.1
AT21,Kärnten,11.6,13.5,16.8,18.3,18.1,17.4,16.6,14.2,16.6,20.1,17.9,16.6,20.0,19.7,37.7,38.3,35.2,38.5,37.6,38.4,36.4,42.1,39.2,42.1,39.7,42.8
AT22,Steiermark,11.3,15.3,14.8,16.8,18.1,18.1,19.9,18.4,15.9,17.8,18.3,20.1,21.8,23.5,35.3,32.5,39.1,39.0,40.5,41.3,39.9,38.7,41.9,43.4,41.7,43.8
AT31,Oberösterreich,12.9,13.5,16.5,14.6,17.3,18.2,18.0,17.7,20.7,19.8,18.6,17.8,18.3,19.4,32.7,34.0,36.3,36.2,35.7,37.3,36.7,36.4,39.1,39.8,39.2,40.7
AT32,Salzburg,17.7,16.8,14.8,16.1,18.6,19.3,18.4,18.9,17.5,18.3,18.2,19.8,23.6,26.6,34.6,37.8,37.4,38.7,39.0,39.6,38.7,42.1,40.3,41.8,39.9,44.0
AT33,Tirol,11.3,12.9,16.0,17.7,18.0,17.2,16.1,16.6,19.8,19.3,20.0,23.4,23.7,22.9,37.1,32.5,35.4,34.2,37.8,37.6,40.4,40.2,41.1,41.1,40.3,37.5
AT34,Vorarlberg,15.6,16.4,14.3,14.6,15.3,14.2,14.2,17.1,17.5,17.8,16.6,16.1,17.9,21.3,31.5,30.6,32.2,32.1,30.4,31.9,32.4,34.1,33.2,32.2,34.0,36.6
BE10,Région de Bruxelles-Capitale/ Brussels Hoofdstedelijk Gewest,43.0,42.5,43.8,45.7,46.0,47.7,47.7,46.3,44.9,45.5,46.4,46.0,44.9,44.7,48.2,48.3,48.9,51.8,54.0,53.8,55.9,56.7,58.1,61.6,59.7,63.5
BE21,Prov. Antwerpen,36.3,41.6,37.4,40.4,41.0,40.7,43.8,40.5,40.5,41.7,45.0,41.8,40.2,43.0,46.7,44.3,40.7,40.7,47.9,48.2,49.0,51.9,52.6,52.4,53.0,51.5
BE22,Prov. Limburg (BE),31.9,31.8,34.0,31.7,39.4,35.4,37.2,37.4,38.5,38.2,35.8,37.8,40.3,38.3,38.4,40.5,42.9,44.3,45.9,50.6,50.2,48.3,51.6,46.8,45.3,49.2
BE23,Prov. Oost-Vlaanderen,40.0,37.0,39.3,38.1,41.9,42.7,43.5,42.6,44.8,44.7,44.7,43.2,47.7,46.7,47.1,46.2,50.1,50.5,50.8,48.7,54.0,59.2,59.6,53.2,57.0,56.4
BE24,Prov. Vlaams-Brabant,46.0,46.6,47.9,49.3,54.0,52.7,52.7,51.9,54.2,55.6,58.0,50.7,53.9,49.8,55.2,51.8,55.2,54.9,55.4,57.6,58.4,58.6,57.0,54.7,54.3,57.8
BE25,Prov. West-Vlaanderen,30.7,33.6,34.2,35.5,34.1,39.1,38.2,39.2,42.6,41.1,40.0,41.8,44.6,43.3,40.9,40.8,46.2,48.7,43.3,43.0,44.3,47.2,48.9,48.5,47.8,51.3
BE31,Prov. Brabant Wallon,46.5,49.1,50.1,51.3,49.4,52.5,50.4,54.7,54.6,55.6,55.3,60.2,55.1,56.1,52.4,56.4,55.3,61.3,62.7,54.8,57.4,56.3,58.1,61.2,64.4,66.7
BE32,Prov. Hainaut,27.8,29.3,29.6,30.2,33.4,28.2,31.8,31.4,33.2,31.1,38.4,33.6,32.4,33.9,33.5,31.8,33.6,36.0,36.5,35.8,32.0,37.2,37.3,34.7,37.8,40.9
BE33,Prov. Liège,29.1,34.3,32.3,37.5,36.7,36.4,37.0,38.1,37.9,39.9,38.4,41.2,39.3,38.5,40.7,38.8,38.1,37.9,41.6,42.2,41.0,44.5,45.1,40.5,44.3,47.0
BE34,Prov. Luxembourg (BE),36.5,35.9,38.3,35.8,36.3,36.0,42.4,39.2,42.0,41.2,41.7,36.7,40.0,37.7,41.9,36.6,40.9,40.6,42.5,45.4,47.3,46.7,44.0,42.7,42.4,46.4
BE35,Prov. Namur,32.3,33.5,34.1,35.3,35.9,37.5,38.0,40.7,38.7,39.1,39.8,39.9,39.4,38.9,38.8,38.1,37.0,41.6,41.7,37.5,44.5,45.6,41.0,46.2,40.3,43.6
BG31,Severozapaden,,,,22.2,21.1,17.1,20.4,17.9,18.4,16.8,19.0,17.3,18.8,20.6,22.3,19.7,19.1,18.9,20.0,18.2,20.0,20.8,21.0,24.3,30.2,30.5
BG32,Severen tsentralen,,,,22.3,24.0,20.5,18.7,22.8,25.3,26.4,22.5,22.6,22.1,23.6,25.5,29.2,31.3,31.6,32.5,33.9,34.5,33.9,33.7,32.2,39.9,41.6
BG33,Severoiztochen,,,,21.0,23.2,23.7,23.1,24.2,24.3,26.1,26.4,29.2,28.8,31.4,32.3,29.4,31.1,35.9,33.9,26.3,24.3,28.2,32.0,31.7,37.7,42.4
BG34,Yugoiztochen,,,,20.7,20.2,18.9,19.4,18.2,18.2,19.1,19.7,22.7,22.1,23.1,20.6,23.5,25.0,23.9,21.7,22.8,25.2,24.8,23.5,25.1,30.5,33.5
BG41,Yugozapaden,23.7,30.8,31.3,31.7,32.9,34.3,35.2,36.9,37.4,38.5,39.4,36.9,36.5,39.3,43.7,44.3,45.6,45.1,46.5,45.2,47.6,46.5,46.1,48.3,49.6,48.4
BG42,Yuzhen tsentralen,,,,17.3,17.7,17.1,17.9,14.6,17.7,18.9,20.0,20.1,21.1,23.1,24.4,25.1,24.1,25.0,27.2,27.3,23.7,26.5,27.6,32.1,34.2,36.6
CH01,Région lémanique,,27.7,29.8,32.5,34.2,35.5,36.2,42.0,42.0,46.1,42.2,44.5,44.7,44.4,47.3,46.3,48.8,51.7,53.3,53.7,54.4,51.6,50.9,52.3,50.8,51.5
CH02,Espace Mittelland,,26.1,25.3,28.7,29.8,32.8,31.6,32.6,37.1,37.4,35.2,34.0,37.4,40.8,41.4,45.0,46.2,46.4,46.9,47.1,48.0,48.8,46.9,47.3,45.9,45.4
CH03,Nordwestschweiz,,28.8,23.0,29.2,29.6,29.9,31.0,32.4,39.1,36.5,36.5,36.0,37.3,40.4,43.5,44.4,46.4,45.3,48.2,50.7,49.8,47.8,47.0,49.6,48.0,47.1
CH04,Zürich,,29.2,33.9,34.9,33.8,33.3,37.3,39.3,43.2,45.5,41.7,45.1,45.3,49.3,50.3,54.9,60.2,62.2,61.2,64.3,63.6,64.7,64.3,63.1,63.4,62.0
CH05,Ostschweiz,,18.7,21.5,22.0,26.2,22.9,25.6,28.7,31.3,33.3,31.1,30.9,32.0,34.3,37.2,39.9,39.6,40.6,42.3,44.8,46.6,46.5,45.2,46.0,45.0,44.4
CH06,Zentralschweiz,,21.8,22.2,25.8,26.3,27.4,27.7,30.0,33.8,36.5,34.8,32.9,33.1,37.3,42.8,42.8,47.7,48.5,51.3,51.8,49.6,48.1,47.5,48.7,49.7,49.2
CH07,Ticino,,18.9,27.1,25.1,27.9,30.0,32.3,36.1,38.7,40.8,35.4,36.4,38.6,41.2,42.8,52.6,49.6,55.0,56.8,55.3,58.6,54.1,49.2,51.1,52.0,52.5
CY00,Kýpros,32.7,36.2,41.0,43.9,42.7,41.3,44.6,47.0,48.0,47.8,48.1,50.5,53.6,51.4,54.0,54.7,56.2,57.0,58.5,59.1,57.4,58.8,59.2,61.7,60.3,60.0
CZ01,Praha,25.0,24.9,25.3,24.0,28.1,26.6,29.0,26.0,32.1,33.6,39.9,42.3,45.4,48.6,46.8,47.9,55.0,56.9,53.7,57.3,57.2,59.9,59.4,60.5,57.2,61.5
CZ02,Střední Čechy,7.9,8.8,7.3,6.6,8.6,10.6,11.4,12.0,15.3,17.0,19.2,23.0,24.4,25.8,27.4,27.8,26.2,28.2,31.6,29.7,27.4,29.2,29.7,25.5,24.8,28.6
CZ03,Jihozápad,9.4,10.1,12.0,10.7,11.1,11.7,11.4,14.7,16.0,18.2,20.9,23.1,27.5,27.5,25.5,26.6,28.0,28.9,28.7,26.3,25.0,28.8,31.3,32.3,29.2,29.6
CZ04,Severozápad,7.4,6.9,7.8,6.0,5.8,7.7,8.3,7.3,6.8,8.4,9.6,11.0,15.2,16.0,17.1,15.6,18.6,20.1,20.0,18.9,15.6,18.7,18.0,19.9,19.1,19.7
CZ05,Severovýchod,9.2,8.6,9.2,9.9,9.7,11.7,12.9,12.0,15.1,19.6,21.0,22.4,23.2,25.4,27.7,28.2,27.6,30.6,31.0,28.3,28.5,30.9,30.1,27.7,28.8,31.5
CZ06,Jihovýchod,13.2,13.3,13.9,15.1,14.9,16.5,17.3,19.0,20.1,22.8,24.2,27.8,31.3,32.7,35.7,38.1,37.7,36.1,37.7,38.3,41.2,39.3,37.1,37.3,38.4,42.2
CZ07,Střední Morava,10.6,10.8,10.8,10.9,12.4,14.4,14.4,15.3,16.7,18.9,19.7,22.1,25.7,28.2,29.1,30.6,30.3,30.1,28.7,27.3,30.8,34.1,34.2,29.8,30.5,32.9
CZ08,Moravskoslezsko,11.0,11.7,10.8,12.3,12.2,13.4,15.7,15.6,16.5,19.7,22.1,24.2,25.4,24.1,23.8,26.5,30.9,33.9,28.4,26.5,29.2,30.4,30.7,29.0,30.7,32.3
DE11,Stuttgart,26.2,27.2,24.3,25.4,26.1,27.3,26.9,26.5,28.7,31.6,31.2,32.6,34.5,36.8,34.5,36.7,38.2,37.4,38.3,40.5,43.1,42.9,41.6,41.9,43.7,43.1
DE12,Karlsruhe,26.4,28.2,24.8,24.7,24.4,26.5,25.1,27.0,26.9,29.2,31.1,32.3,35.3,34.4,34.9,35.3,37.5,37.0,37.0,39.4,42.5,40.0,42.7,41.5,42.7,45.6
DE13,Freiburg,20.8,23.6,21.9,22.5,25.6,23.1,22.4,24.3,24.1,27.1,25.7,28.7,30.3,31.5,29.0,30.0,32.0,32.5,33.1,33.8,38.9,41.4,39.2,37.7,38.7,42.8
DE14,Tübingen,24.2,23.5,22.7,27.9,28.8,25.8,24.2,24.9,24.4,28.4,28.2,32.0,35.3,37.5,31.9,33.7,34.8,34.3,35.0,37.4,34.6,35.2,37.6,41.3,45.6,47.4
DE21,Oberbayern,31.1,28.1,28.1,30.4,31.4,31.3,31.2,31.7,33.2,36.0,36.2,36.8,40.0,41.8,43.0,42.0,43.6,44.8,46.8,47.4,46.1,47.9,49.3,50.5,51.5,57.2
DE22,Niederbayern,19.3,17.5,15.7,14.2,18.5,18.1,18.3,19.4,20.7,22.4,23.7,25.5,26.3,28.1,23.5,23.6,25.3,27.5,26.7,27.8,31.3,34.1,33.5,32.7,29.8,33.3
DE23,Oberpfalz,17.5,17.7,15.6,19.0,19.3,20.1,20.4,22.6,24.7,24.3,26.0,28.9,32.0,33.5,31.8,32.1,29.9,28.7,31.1,33.8,35.8,39.3,37.0,40.6,40.8,40.3
DE24,Oberfranken,18.1,16.9,18.4,15.6,12.4,15.7,17.3,21.0,22.1,25.8,26.9,30.3,29.6,29.1,25.2,25.7,26.6,29.3,29.9,32.8,35.3,39.1,34.0,32.8,34.4,34.1
DE25,Mittelfranken,24.2,24.5,21.6,22.1,24.8,23.2,23.0,24.3,25.8,26.8,28.9,28.4,31.0,31.0,30.4,31.8,31.2,33.8,35.1,34.2,39.3,39.9,37.5,42.7,42.0,45.4
DE26,Unterfranken,17.8,18.6,18.0,20.4,21.8,22.5,23.3,24.8,27.3,26.8,27.6,27.8,31.1,35.0,29.9,32.6,34.0,32.7,30.7,31.9,36.4,39.8,37.2,37.9,39.0,42.5
DE27,Schwaben,20.4,21.1,18.4,20.7,23.1,20.8,19.4,17.8,19.6,21.8,21.9,24.6,24.3,26.6,27.7,27.9,28.1,28.5,29.1,30.3,36.6,37.0,36.1,39.3,38.2,38.8
DE30,Berlin,29.2,28.8,27.6,27.9,32.1,30.9,29.9,30.4,30.7,33.4,34.6,35.3,37.8,38.2,37.0,38.9,42.4,45.2,47.2,49.1,47.7,52.5,55.5,53.5,53.6,55.3
DE40,Brandenburg,23.2,18.6,19.6,20.3,20.1,20.8,19.5,19.8,21.3,21.5,19.3,19.8,18.9,21.3,18.0,18.6,21.0,20.1,23.2,21.6,25.3,28.8,31.8,31.7,31.1,31.8
DE50,Bremen,18.9,18.4,15.6,16.0,20.4,18.6,19.9,18.0,24.0,23.4,26.7,27.5,28.6,29.7,32.3,31.0,28.3,30.5,30.2,29.7,34.6,35.7,31.5,34.3,32.7,39.9
DE60,Hamburg,26.3,27.1,24.2,23.1,25.4,24.7,25.7,25.1,27.3,30.3,30.8,33.4,33.0,34.5,37.6,40.9,39.7,38.3,41.3,39.6,39.0,47.8,41.6,44.8,47.3,48.7
DE71,Darmstadt,27.6,28.6,25.7,29.7,28.0,27.7,25.7,26.3,25.4,28.0,30.7,31.8,33.5,32.7,33.2,34.4,36.4,37.5,37.5,38.5,36.6,39.6,39.4,41.6,42.9,43.7
DE72,Gießen,21.4,23.0,20.8,21.7,22.4,22.4,23.3,22.2,25.5,27.4,27.8,28.6,31.1,30.8,26.2,29.7,28.6,32.4,31.9,33.0,37.1,37.6,34.5,33.8,36.6,38.2
DE73,Kassel,19.9,17.9,19.1,20.2,16.7,20.8,19.8,19.4,20.3,19.2,25.5,25.2,24.0,27.4,23.4,26.7,26.2,29.9,28.8,28.2,29.8,28.2,27.0,30.6,32.2,31.8
DE80,Mecklenburg-Vorpommern,20.6,22.9,22.0,18.1,20.4,17.9,18.4,17.4,17.6,18.0,19.6,21.0,20.4,21.7,19.1,19.2,20.8,21.1,24.2,24.9,26.7,29.4,26.4,27.9,30.6,29.4
DE91,Braunschweig,20.8,20.5,20.1,18.6,21.4,20.4,20.6,21.8,24.4,24.3,25.0,27.1,29.2,29.1,28.4,30.9,26.8,30.9,31.5,33.4,37.4,37.7,40.6,42.1,38.7,38.1
DE92,Hannover,23.5,17.8,18.1,21.3,22.0,20.6,21.0,21.6,23.3,24.7,25.7,25.9,27.9,27.3,26.3,27.7,26.8,28.4,29.2,29.5,32.1,33.0,34.2,36.4,38.0,39.9
DE93,Lüneburg,16.4,16.7,16.1,13.9,16.1,12.1,13.6,14.1,15.8,17.2,18.8,19.8,19.3,20.1,18.8,21.6,20.4,21.4,21.0,23.2,25.7,26.4,28.9,27.8,30.1,30.9
DE94,Weser-Ems,15.7,17.4,15.0,15.3,16.5,14.1,16.1,14.9,15.6,17.1,17.4,18.9,20.9,20.9,21.0,22.6,22.3,21.8,23.0,23.9,26.4,27.7,29.0,31.5,35.7,38.2
DEA1,Düsseldorf,18.4,17.9,17.4,18.1,20.5,19.3,17.9,20.0,21.2,23.0,22.6,24.1,25.3,25.3,25.2,27.1,27.1,27.9,28.1,28.2,33.7,33.7,31.0,31.3,32.4,35.9
DEA2,Köln,21.6,24.0,22.7,23.5,23.9,24.6,23.7,24.4,26.2,27.5,27.0,28.9,31.1,31.5,31.4,30.3,34.0,34.4,34.6,34.9,35.4,39.2,39.9,43.9,42.4,46.1
DEA3,Münster,18.2,17.6,19.3,21.5,18.6,17.6,16.1,18.5,19.3,20.4,20.8,23.8,25.3,27.3,24.4,25.4,27.2,26.9,27.9,29.0,31.5,29.3,29.7,29.8,35.2,35.3
DEA4,Detmold,17.7,21.5,16.8,18.3,18.3,17.4,16.4,17.2,19.1,18.9,18.3,20.4,21.1,23.9,21.1,23.3,24.3,24.4,24.6,25.8,29.4,30.2,29.8,30.2,33.0,33.6
DEA5,Arnsberg,17.6,18.4,15.4,15.4,16.9,15.7,15.0,15.2,17.4,18.7,16.9,20.5,20.9,22.7,21.5,24.0,24.1,23.8,24.1,24.7,29.6,32.1,29.3,29.2,29.5,32.4
DEB1,Koblenz,,,17.5,17.7,17.7,15.7,16.1,15.9,17.9,17.7,18.8,20.2,22.4,20.8,21.8,22.7,22.5,24.0,25.4,26.3,29.9,28.6,27.2,30.0,31.7,31.2
DEB2,Trier,,,19.9,21.0,25.2,21.0,20.2,20.2,22.8,29.0,24.0,28.3,27.1,26.3,30.1,29.0,26.6,30.1,31.1,35.1,,31.5,31.8,28.5,32.4,35.2
DEB3,Rheinhessen-Pfalz,,,21.2,20.0,21.2,20.3,20.8,22.8,24.1,25.5,26.4,28.9,29.6,30.3,25.8,29.0,30.4,28.6,30.6,32.4,35.6,34.3,37.7,37.5,39.2,41.9
DEC0,Saarland,18.1,14.2,13.9,13.8,17.1,18.8,16.7,15.2,17.2,20.3,21.0,20.8,24.9,25.0,21.2,21.5,27.1,23.7,24.8,28.6,27.4,32.0,29.8,29.0,29.5,29.6
DED2,Dresden,27.5,23.9,26.9,30.4,31.9,31.1,30.0,32.9,34.0,35.0,34.4,33.1,32.0,32.6,29.1,30.6,29.5,29.3,31.9,33.0,33.7,38.1,42.0,41.1,42.8,40.8
DED4,Chemnitz,,,,,,27.0,26.3,25.8,28.5,27.2,27.9,28.1,26.2,27.5,21.7,23.2,22.2,24.3,25.5,26.1,29.3,25.7,28.5,27.7,27.7,31.1
DED5,Leipzig,,,,,,30.4,30.1,34.3,32.9,34.9,34.0,32.1,32.8,39.0,31.4,32.3,31.6,35.9,35.8,38.8,38.0,41.4,40.3,40.1,43.8,47.1
DEE0,Sachsen-Anhalt,20.4,18.6,18.6,17.8,18.0,17.9,17.5,15.1,15.5,16.9,17.5,19.1,20.0,19.1,17.9,18.5,18.6,18.4,18.0,20.1,22.6,25.5,26.9,26.6,30.0,28.9
DEF0,Schleswig-Holstein,20.6,18.2,19.5,17.6,18.3,18.7,17.1,16.8,18.6,21.2,20.4,23.7,23.1,23.9,21.3,21.4,22.9,23.8,24.8,24.0,26.7,29.7,27.7,30.8,31.8,32.4
DEG0,Thüringen,23.9,25.2,22.8,20.4,22.7,21.8,20.4,21.3,21.7,22.8,22.3,25.7,26.5,26.4,22.1,21.4,23.8,26.0,29.1,29.5,31.3,29.3,32.2,31.0,33.2,35.6
DK01,Hovedstaden,,,,,,,,47.9,47.3,46.5,48.6,51.5,52.7,55.4,56.0,57.2,58.9,58.0,59.6,61.2,60.5,62.5,60.6,60.7,62.8,64.7
DK02,Sjælland,,,,,,,,28.8,28.6,28.2,27.7,27.5,24.5,26.2,26.0,28.4,28.2,28.1,29.7,27.7,30.0,31.3,31.7,30.1,35.9,35.3
DK03,Syddanmark,,,,,,,,26.7,25.6,26.7,28.7,28.9,31.5,30.4,31.7,32.0,33.0,35.6,36.1,39.0,38.9,39.6,38.1,37.6,42.1,44.2
DK04,Midtjylland,,,,,,,,32.5,35.1,37.9,37.2,34.9,37.9,39.0,38.8,39.1,41.9,45.5,41.6,45.4,44.8,48.4,51.1,51.2,51.3,49.5
DK05,Nordjylland,,,,,,,,30.6,31.0,39.1,32.9,33.7,32.5,29.8,31.0,34.0,35.3,36.9,40.5,36.7,38.1,41.5,41.8,41.7,42.1,46.6
EE00,Eesti,28.4,27.0,26.3,27.4,27.7,33.1,34.5,34.4,35.8,36.8,38.2,39.0,40.1,40.6,40.6,38.5,39.1,40.9,41.1,40.6,40.1,43.2,43.9,43.5,42.7,44.3
EL30,Attiki,27.8,26.2,28.2,28.1,29.7,29.0,29.9,32.2,32.7,33.9,36.3,38.8,41.8,44.1,44.9,47.2,47.3,47.8,49.7,50.1,50.6,52.6,56.0,52.9,51.7,51.1
EL41,Voreio Aigaio,17.5,17.5,14.9,15.4,19.2,18.0,23.2,19.9,22.6,24.8,20.9,21.0,24.1,35.1,36.6,35.8,41.4,37.0,31.4,38.8,41.2,36.0,31.6,29.6,31.4,19.1
EL42,Notio Aigaio,12.5,11.6,11.6,16.1,14.4,11.3,13.8,13.7,13.5,15.6,17.2,23.4,27.9,26.2,26.0,34.5,21.3,28.0,25.8,29.7,29.2,27.9,31.9,19.8,26.7,26.6
EL43,Kriti,19.1,18.6,19.5,16.9,22.6,21.1,22.1,23.3,24.5,23.1,24.5,25.4,29.8,29.5,30.2,34.7,38.4,38.8,35.3,32.4,37.5,35.0,35.7,33.3,38.1,36.5
EL51,"Anatoliki Makedonia, Thraki",19.1,20.6,20.5,19.4,21.3,21.4,22.0,23.3,23.9,25.1,21.0,23.3,26.4,24.6,27.2,31.0,35.2,39.0,36.2,33.3,35.6,38.9,37.9,33.3,35.2,42.5
EL52,Kentriki Makedonia,24.9,26.0,25.2,24.8,26.7,27.8,27.6,29.6,28.9,30.4,33.8,32.3,34.0,38.6,39.7,39.3,43.7,45.2,46.1,42.4,43.1,46.4,44.0,43.9,49.1,44.3
EL53,Dytiki Makedonia,21.8,21.7,18.4,19.0,19.0,21.2,24.3,23.7,23.6,23.3,25.7,30.3,29.0,35.0,37.2,32.2,33.0,44.3,42.5,42.5,41.1,41.0,45.3,49.8,51.2,47.0
EL54,Ipeiros,24.9,25.6,26.4,27.2,26.5,23.9,25.4,26.6,27.2,26.8,29.1,33.8,37.2,39.0,37.8,39.2,41.0,43.9,44.8,45.3,39.7,37.0,42.4,55.2,51.7,47.0
EL61,Thessalia,22.0,22.1,21.2,22.9,21.7,24.0,29.7,27.3,29.3,32.6,31.5,33.0,31.8,37.4,40.3,37.7,37.5,39.5,43.6,44.7,40.3,37.8,39.3,53.0,41.0,37.9
EL62,Ionia Nisia,19.6,14.8,9.2,8.4,12.0,13.6,13.9,14.8,18.4,16.9,18.0,18.9,17.2,21.5,28.7,37.1,33.9,29.8,30.3,38.0,40.2,33.3,35.2,32.4,26.6,32.0
EL63,Dytiki Elláda,17.7,17.5,16.9,17.2,19.0,23.1,25.3,22.9,23.5,26.3,27.0,28.3,30.6,32.6,35.5,32.4,35.5,36.7,34.5,32.0,38.3,38.3,34.4,39.3,36.0,26.7
EL64,Sterea Elláda,16.0,15.8,12.2,12.5,15.8,17.0,19.7,17.5,17.0,19.3,22.0,22.9,23.7,27.5,28.1,29.0,32.4,34.3,34.5,37.6,45.2,36.6,32.5,26.2,26.4,33.2
EL65,Peloponnisos,17.6,17.4,16.3,16.3,17.9,16.9,18.9,19.3,19.0,18.8,20.5,24.2,26.5,29.1,35.2,37.7,33.0,36.2,36.0,34.0,36.3,39.3,44.0,45.5,45.6,41.7
ES11,Galicia,32.9,33.8,36.4,39.3,41.0,44.5,44.2,45.4,44.3,43.2,44.3,43.6,42.7,43.1,43.4,45.3,45.0,47.0,47.7,48.7,49.4,49.9,52.1,53.2,53.0,53.3
ES12,Principado de Asturias,34.9,33.7,35.5,38.6,41.7,44.7,42.4,41.6,43.2,44.6,44.2,47.6,49.0,49.0,51.7,51.6,52.7,53.3,52.8,51.9,54.0,55.3,54.4,55.2,58.0,55.0
ES13,Cantabria,34.5,35.8,37.8,41.9,39.9,45.3,44.4,45.5,46.0,44.4,42.8,41.5,43.8,47.2,44.6,42.5,42.7,47.6,49.9,51.8,55.4,52.0,52.4,63.2,61.9,59.8
ES21,País Vasco,50.3,50.2,51.5,54.1,55.9,59.4,58.7,58.9,57.4,60.5,57.5,58.1,60.6,61.5,57.6,56.2,57.3,57.5,59.4,60.8,61.7,64.4,64.2,67.6,67.8,68.6
ES22,Comunidad Foral de Navarra,44.5,47.5,51.9,50.0,48.9,52.0,52.6,52.1,48.6,49.6,49.7,49.8,49.0,47.4,48.4,50.5,52.3,52.1,53.4,55.8,56.1,61.2,57.7,55.6,60.4,60.2
ES23,La Rioja,36.7,40.7,45.4,41.4,44.5,41.6,36.8,41.9,39.8,44.1,45.2,41.3,43.4,43.2,42.7,42.6,43.7,45.4,46.2,42.3,40.4,44.0,46.7,49.8,57.7,48.9
ES24,Aragón,37.9,41.5,39.5,43.0,43.4,43.2,46.5,46.7,42.9,40.3,43.7,46.2,45.8,43.9,43.5,42.8,42.9,44.7,46.5,47.8,47.4,52.4,54.8,51.0,47.7,49.6
ES30,Comunidad de Madrid,44.2,48.1,48.6,47.0,48.2,48.9,48.8,48.0,49.3,47.2,51.3,50.0,51.0,52.5,51.8,49.0,48.1,51.0,51.9,54.4,56.5,56.4,57.1,60.2,58.6,57.3
ES41,Castilla y León,38.1,37.7,40.1,42.4,44.0,44.8,43.2,43.7,43.3,41.9,43.1,45.7,43.6,41.9,42.4,43.5,43.0,42.2,44.0,48.5,46.5,46.4,48.0,50.2,52.8,52.3
ES42,Castilla-La Mancha,23.6,26.5,29.3,28.8,27.0,31.4,32.9,33.0,31.1,34.4,33.6,34.8,33.5,33.1,31.6,33.4,33.9,34.6,37.6,40.7,38.8,42.9,42.8,47.3,47.9,47.4
ES43,Extremadura,24.9,24.5,27.0,29.5,31.3,35.4,34.5,34.9,35.1,35.2,37.3,35.8,35.7,34.7,39.4,38.1,34.3,37.2,35.7,37.9,35.2,38.8,44.9,47.1,47.5,49.6
ES51,Cataluña,35.4,37.0,39.6,40.5,41.0,41.7,40.1,38.9,40.8,40.2,40.7,40.8,40.6,43.7,45.9,43.7,45.1,46.6,49.3,51.6,51.8,53.1,54.4,56.5,57.5,57.5
ES52,Comunitat Valenciana,30.4,29.1,30.8,30.8,34.0,38.0,38.2,37.8,37.2,36.1,38.0,39.2,40.0,39.2,39.9,40.5,38.6,40.4,43.6,46.5,46.3,45.8,49.8,52.0,51.3,53.1
ES53,Illes Balears,23.8,24.2,29.0,30.3,27.8,31.3,35.2,26.8,25.1,25.9,25.5,29.2,30.0,30.7,33.7,31.1,32.5,38.2,36.2,36.4,40.1,43.8,39.8,40.9,44.2,43.2
ES61,Andalucía,27.7,29.0,31.0,31.1,31.9,33.4,33.0,33.6,33.9,33.5,33.4,32.0,31.9,32.1,32.5,33.3,32.8,33.8,34.9,37.6,39.4,41.6,43.5,44.5,46.0,45.4
ES62,Región de Murcia,28.2,32.4,32.4,33.0,34.2,30.7,32.1,32.2,31.8,29.4,28.9,30.8,27.6,30.1,31.6,33.6,34.9,36.3,38.7,37.3,41.0,38.9,39.1,42.3,41.6,44.3
ES63,Ciudad de Ceuta,22.3,27.4,23.5,25.6,19.7,30.8,25.6,22.0,30.8,28.9,23.1,20.2,20.3,17.9,20.6,31.4,28.7,30.0,34.0,28.3,33.6,28.8,31.3,28.1,47.8,47.3
ES64,Ciudad de Melilla,29.1,27.2,35.6,33.4,31.5,33.4,38.9,27.8,28.2,27.7,25.8,30.1,28.2,26.9,28.8,31.9,32.1,36.9,33.8,33.0,34.2,41.4,49.7,50.1,42.0,42.2
ES70,Canarias,24.5,27.4,32.5,29.1,31.2,32.8,31.4,32.8,31.9,31.2,31.0,30.1,31.9,35.0,34.9,32.3,35.4,37.5,39.0,42.4,42.5,40.6,46.3,42.0,45.3,43.7
FI19,Länsi-Suomi,36.3,38.3,37.3,36.7,36.1,36.9,38.8,37.3,37.0,38.0,37.7,37.4,36.3,36.8,38.4,39.9,38.4,39.4,40.0,39.0,41.4,38.0,37.9,38.0,38.3,36.0
FI1B,Helsinki-Uusimaa,,,,,,42.1,44.2,45.8,43.2,45.0,45.8,47.9,47.3,48.1,47.4,46.2,47.9,46.6,46.7,49.3,50.5,45.8,47.7,44.7,44.7,43.4
FI1C,Etelä-Suomi,,,,,,33.0,31.5,36.1,36.4,34.4,33.6,33.7,35.1,35.9,36.5,36.5,35.9,35.5,34.4,38.2,40.6,36.3,35.3,34.6,34.6,34.8
FI1D,Pohjois- ja Itä-Suomi,,,,,,35.8,35.6,34.8,34.0,37.1,36.1,33.9,36.4,35.0,35.0,34.5,36.2,35.6,35.3,36.5,37.9,36.0,36.4,34.9,34.0,34.5
FI20,Åland,,,,,,,,,,,,,,,,,,,,,,,,,,
FR10,Ile-de-France,44.1,44.7,47.2,49.4,49.5,53.1,53.7,52.3,50.9,52.3,51.8,52.8,52.0,53.9,53.7,57.2,58.2,60.0,60.6,64.3,66.7,64.9,65.2,67.2,68.5,72.7
FRB0,Centre — Val de Loire,27.3,26.4,28.5,38.0,36.4,30.1,36.7,35.8,34.0,38.0,41.0,42.4,42.3,36.8,37.0,38.8,32.8,35.8,42.6,38.2,35.2,37.4,44.8,46.9,42.4,51.6
FRC1,Bourgogne,19.9,27.1,30.3,31.5,32.1,31.4,32.7,31.5,32.9,37.5,34.6,38.3,38.7,36.4,37.3,30.2,30.7,33.4,35.7,43.1,46.5,46.1,44.5,47.6,41.8,43.8
FRC2,Franche-Comté,27.2,34.4,31.6,31.4,31.0,30.1,36.7,34.7,33.1,35.7,33.2,34.4,32.5,37.9,39.1,35.8,42.3,39.5,35.2,34.3,40.9,37.6,39.0,42.8,42.0,44.2
FRD1,Basse-Normandie,27.9,28.5,31.4,29.0,28.9,33.3,34.9,36.7,37.4,37.6,37.7,35.9,35.9,37.5,34.0,34.5,33.6,30.5,34.9,32.6,41.1,37.8,45.4,47.7,49.9,50.8
FRD2,Haute-Normandie,24.8,29.0,31.3,33.4,30.9,34.6,34.5,35.7,31.1,30.5,36.0,35.8,40.1,33.2,34.0,41.1,36.1,33.9,33.6,37.3,43.9,43.5,41.1,46.1,49.0,47.6
FRE1,Nord-Pas de Calais,23.7,25.8,27.4,31.6,31.1,31.3,33.8,36.6,37.5,38.9,39.4,39.3,40.0,42.0,41.2,36.8,36.7,37.2,44.6,46.0,39.4,43.0,39.2,44.1,50.3,53.6
FRE2,Picardie,26.7,25.6,24.8,24.8,30.7,37.2,28.9,28.4,31.7,38.0,33.9,31.4,29.5,27.5,30.4,31.2,29.5,31.3,35.2,36.2,37.9,37.1,38.4,38.5,37.7,38.3
FRF1,Alsace,27.6,31.3,32.9,36.4,42.0,43.4,42.3,35.6,41.6,44.7,50.1,45.6,46.2,43.7,40.7,41.2,44.0,41.4,44.0,43.1,50.2,51.2,52.7,58.2,54.5,51.2
FRF2,Champagne-Ardenne,27.4,25.5,24.5,27.5,29.7,31.8,36.6,36.1,32.9,30.8,34.4,33.4,32.2,34.2,30.7,32.8,33.9,35.5,37.0,31.4,27.7,40.3,37.7,40.1,42.0,41.0
FRF3,Lorraine,27.5,29.2,30.6,31.3,36.0,36.6,31.9,35.5,34.9,33.0,37.0,38.4,35.3,37.5,39.8,40.5,38.7,36.8,35.8,42.4,47.4,43.8,39.7,41.0,41.0,48.6
FRG0,Pays de la Loire,26.6,27.7,32.9,37.5,38.0,34.9,38.4,37.9,34.4,36.7,38.8,39.7,40.7,40.2,39.5,44.2,44.6,46.3,46.8,44.4,42.1,48.7,48.0,49.1,55.7,54.9
FRH0,Bretagne,30.5,35.8,37.0,33.2,38.2,45.6,46.2,48.4,39.8,41.1,44.6,45.6,43.4,42.9,47.3,41.3,41.7,42.4,49.4,46.8,43.4,48.2,50.0,46.6,49.5,48.9
FRI1,Aquitaine,29.3,30.4,33.0,32.9,33.5,34.6,35.5,36.7,37.1,43.3,43.1,37.5,37.1,38.2,41.9,44.9,39.2,42.0,43.9,42.8,42.2,47.1,49.8,49.2,50.2,53.3
FRI2,Limousin,25.9,25.9,27.1,29.7,32.3,34.6,31.9,26.4,36.3,45.8,34.8,41.7,43.2,39.9,44.8,45.4,45.5,41.1,41.2,39.6,43.9,47.9,43.8,49.8,45.4,51.0
FRI3,Poitou-Charentes,25.7,24.5,26.1,33.4,36.1,36.2,42.5,33.5,34.1,34.2,37.0,33.2,34.4,36.7,38.8,37.4,42.4,45.1,44.2,39.0,40.8,40.1,41.2,39.1,44.3,46.7
FRJ1,Languedoc-Roussillon,25.3,26.6,27.4,38.1,34.4,30.8,32.2,40.5,36.4,38.2,33.9,33.2,37.4,36.0,35.0,36.3,36.7,36.5,34.9,37.2,50.2,44.0,44.1,47.3,50.2,48.5
FRJ2,Midi-Pyrénées,30.7,35.6,38.0,42.3,38.9,41.6,46.7,43.7,45.9,50.7,49.0,54.7,54.7,60.6,63.1,52.2,51.5,47.1,57.3,55.8,53.3,54.1,47.4,51.5,57.6,56.4
FRK1,Auvergne,28.7,30.9,29.5,34.3,39.6,38.3,32.0,38.1,42.2,45.8,44.2,35.1,35.4,41.2,43.0,45.9,46.4,36.7,40.7,42.8,42.8,42.6,41.1,40.6,43.0,46.9
FRK2,Rhône-Alpes,32.0,35.1,40.0,39.0,36.8,37.2,42.4,44.0,42.5,44.4,42.6,44.1,43.0,44.5,47.7,48.4,46.4,46.1,49.5,52.2,53.4,54.4,56.6,58.0,56.4,60.1
FRL0,Provence-Alpes-Côte d’Azur,28.6,30.3,28.6,36.3,38.4,37.2,37.8,37.8,38.3,42.4,37.6,36.6,37.6,42.0,42.8,44.9,41.7,42.4,43.3,44.3,45.4,47.7,47.5,46.3,49.9,52.3
FRM0,Corse,,,,,,,40.4,,,,26.7,31.9,31.3,18.4,22.1,36.8,49.3,40.4,37.8,28.7,28.9,,31.8,41.1,21.1,28.7
FRY1,Guadeloupe,,,,,,,,,,,,,,,29.5,32.7,31.4,31.2,31.6,37.5,34.3,26.5,30.2,37.5,43.1,40.6
FRY2,Martinique,,,,,,,,,,,,,,,34.8,33.7,29.6,33.0,41.0,32.2,34.6,39.1,38.2,40.6,34.9,37.8
FRY3,Guyane,,,,,,,,,,,,,,,20.5,25.2,21.5,22.8,25.5,26.1,21.0,19.5,24.9,29.4,21.6,18.9
FRY4,La Réunion,,,,,,,,,,,,,,,29.0,28.8,29.5,27.2,27.8,29.9,30.5,32.2,27.7,28.7,29.8,31.6
FRY5,Mayotte,,,,,,,,,,,,,,,,,,,,,,,,,14.4,14.3
HR02,Panonska Hrvatska,,,,,,,,,,,,,,,,,27.3,24.8,23.7,22.9,25.9,29.8,26.1,26.7,26.4,31.9
HR03,Jadranska Hrvatska,,,,,,,,19.7,23.4,24.6,28.9,26.9,26.9,30.9,32.8,34.8,31.0,31.7,36.3,38.0,40.2,35.2,33.6,36.9,41.1,43.1
HR04,HR04,,,,,,,,17.3,18.5,19.5,24.0,24.0,23.7,28.0,32.1,29.0,,,,,,,,,,
HR05,Grad Zagreb,,,,,,,,,,,,,,,,,48.9,48.8,54.3,52.7,53.0,50.0,52.4,58.4,56.8,58.9
HR06,Sjeverna Hrvatska,,,,,,,,,,,,,,,,,25.9,27.5,27.9,28.1,27.6,30.0,33.4,34.1,32.0,32.6
HU10,HU10,21.8,21.6,21.8,24.6,28.3,27.3,28.8,30.5,33.3,34.3,35.6,39.2,41.2,,,,,,,,,,,,,
HU11,Budapest,,,,,,,,,,,,,,51.0,52.7,51.6,47.7,50.1,53.6,52.6,54.8,61.7,62.6,60.9,62.0,62.0
HU12,Pest,,,,,,,,,,,,,,27.4,31.1,30.5,29.8,27.6,26.9,27.6,32.5,36.1,32.2,30.0,31.7,33.0
HU21,Közép-Dunántúl,12.3,11.2,11.3,12.9,15.2,15.8,16.8,18.5,20.2,18.7,19.7,21.7,23.0,25.6,23.6,24.7,22.3,21.6,22.0,24.2,23.6,26.9,25.5,21.4,25.3,23.2
HU22,Nyugat-Dunántúl,12.9,13.2,12.2,13.7,15.8,15.5,14.8,16.5,19.3,21.7,20.0,22.2,26.2,26.4,27.5,27.9,25.3,27.5,25.3,24.0,26.5,29.1,22.9,21.0,24.3,21.0
HU23,Dél-Dunántúl,11.0,13.2,12.0,12.9,14.2,15.2,17.3,17.2,20.7,20.0,21.1,22.4,24.7,26.6,25.7,26.5,28.5,25.5,21.8,24.4,24.0,25.8,25.8,24.6,22.4,22.0
HU31,Észak-Magyarország,10.4,10.5,11.9,12.6,12.6,15.4,16.4,17.0,17.2,20.3,20.8,19.2,21.5,22.7,24.5,26.1,24.9,25.0,25.2,22.3,19.4,19.5,18.5,16.6,20.7,20.9
HU32,Észak-Alföld,11.7,12.6,13.5,14.6,13.9,16.8,18.6,18.5,20.0,20.4,22.8,24.6,26.5,27.1,26.9,24.6,24.1,22.3,23.3,26.1,25.4,23.8,22.8,19.0,22.2,26.0
HU33,Dél-Alföld,11.3,10.8,10.8,12.8,16.9,17.8,17.2,19.8,21.2,23.2,24.2,25.8,28.7,25.1,26.0,28.5,27.0,26.6,28.7,26.8,22.4,23.0,25.8,22.4,22.5,23.3
IE01,IE01,22.0,27.0,29.0,31.5,34.6,32.5,36.8,40.6,42.4,44.0,45.2,45.6,,,,,,,,,,,,,,
IE02,IE02,33.2,36.2,37.6,39.6,41.8,43.6,45.6,47.9,48.7,50.7,51.0,49.6,,,,,,,,,,,,,,
IE04,Northern and Western,,,,,,,,,,,,,48.6,50.2,48.6,48.7,49.4,52.0,51.2,52.5,54.5,58.8,61.2,59.2,60.1,61.2
IE05,Southern,,,,,,,,,,,,,45.9,47.8,48.6,49.1,49.4,48.8,51.1,50.9,54.9,60.7,59.6,57.5,63.4,63.4
IE06,Eastern and Midland,,,,,,,,,,,,,53.2,55.2,57.4,58.2,58.2,58.7,60.3,58.8,61.4,63.9,65.4,66.6,67.7,70.4
IS00,Ísland,29.5,27.2,28.1,32.7,33.3,35.8,31.4,32.5,32.8,35.8,36.2,39.4,38.4,40.0,40.8,40.2,43.4,47.6,47.1,47.2,41.7,41.5,40.2,43.4,46.8,44.8
ITC1,Piemonte,12.2,12.2,12.8,13.2,14.2,15.8,18.1,19.5,19.0,19.0,20.7,20.3,22.6,23.6,25.0,23.5,25.3,27.7,28.3,27.4,28.9,28.8,28.9,29.5,31.0,29.3
ITC2,Valle d’Aosta/Vallée d’Aoste,10.2,10.8,10.9,10.4,13.0,14.9,19.1,19.3,19.7,15.5,17.9,19.6,20.2,24.0,22.9,24.6,25.1,26.4,27.6,26.7,27.8,28.9,32.6,32.5,30.5,29.0
ITC3,Liguria,12.2,14.2,14.3,15.3,18.8,18.7,20.7,21.0,23.2,23.6,23.1,26.0,26.9,26.4,27.3,25.8,25.2,26.2,29.2,30.2,27.4,29.1,30.2,31.2,29.5,28.0
ITC4,Lombardia,11.4,12.8,14.0,14.5,16.2,17.6,19.0,20.4,22.3,23.3,23.7,24.0,25.5,26.3,27.0,29.3,29.4,32.1,34.0,32.5,33.7,30.7,32.1,35.2,35.2,34.0
ITF1,Abruzzo,10.2,11.3,14.5,15.0,17.3,19.7,20.3,21.7,24.1,24.2,24.1,26.4,24.6,24.4,24.9,27.4,26.3,24.5,23.8,25.9,30.3,30.2,30.4,29.1,32.5,32.5
ITF2,Molise,9.6,10.2,12.1,12.3,17.0,19.8,22.0,23.9,25.1,23.9,24.9,25.0,25.4,27.6,27.8,29.9,28.3,29.3,30.5,29.2,29.0,31.0,34.5,30.9,27.5,27.6
ITF3,Campania,8.3,8.8,9.7,10.4,11.9,13.1,13.6,14.8,15.4,15.6,15.6,16.2,18.4,17.6,19.9,19.9,20.8,22.5,21.3,22.5,23.0,23.7,25.5,26.6,27.3,27.1
ITF4,Puglia,8.7,9.7,10.1,10.4,11.3,12.7,14.4,14.9,16.3,15.9,17.6,17.3,17.9,19.6,21.4,19.7,20.1,21.9,21.6,21.0,21.9,23.2,22.2,22.8,24.4,27.8
ITF5,Basilicata,7.4,8.6,10.4,12.9,13.0,14.1,15.5,19.4,19.7,20.0,18.5,18.1,21.3,22.0,22.0,25.1,26.4,25.1,26.2,28.1,27.2,27.4,25.7,27.8,29.8,31.0
ITF6,Calabria,10.8,11.0,10.2,10.9,13.1,14.2,16.0,18.3,19.7,21.6,20.4,19.7,20.2,19.8,22.5,24.3,23.1,21.5,21.9,21.9,22.2,22.9,24.8,27.6,26.5,25.7
ITG1,Sicilia,8.1,8.0,8.7,9.7,11.4,12.3,12.6,13.8,14.5,15.2,15.6,15.5,16.8,17.0,17.4,17.7,18.6,19.3,19.3,19.3,18.8,20.1,19.9,21.8,23.2,24.0
ITG2,Sardegna,7.5,8.9,9.1,10.8,11.4,10.5,13.5,14.3,14.9,14.8,15.4,14.6,15.5,18.2,16.6,17.3,19.3,23.4,21.5,22.5,25.5,22.3,26.8,27.0,25.6,23.8
ITH1,Provincia Autonoma di Bolzano/Bozen,9.5,9.5,10.6,12.2,12.1,14.2,14.4,14.9,14.9,14.6,19.1,21.2,22.6,23.7,22.6,22.9,22.8,22.6,26.4,25.0,24.9,24.0,25.4,23.0,25.0,24.0
ITH2,Provincia Autonoma di Trento,10.4,12.6,13.7,12.8,15.0,17.8,19.5,22.2,23.1,24.2,24.4,27.1,27.6,27.0,29.9,30.2,30.1,31.8,32.9,31.3,33.0,31.0,30.5,34.1,33.1,33.5
ITH3,Veneto,9.8,10.8,11.5,12.3,14.4,16.1,16.8,18.5,18.3,19.0,20.8,22.7,22.1,22.5,25.4,28.0,28.9,29.7,32.1,31.6,32.0,33.7,31.5,32.9,36.3,33.3
ITH4,Friuli-Venezia Giulia,12.2,12.7,12.9,14.0,15.7,18.0,22.0,21.2,20.0,20.4,21.4,19.9,26.1,25.7,26.9,27.7,25.2,31.3,35.5,32.0,32.0,30.2,30.3,31.6,35.2,35.2
ITH5,Emilia-Romagna,,,,,,18.7,20.3,21.9,23.1,23.9,23.2,25.6,27.2,26.5,25.3,28.7,29.2,30.6,34.1,33.9,33.7,34.1,32.1,32.9,36.9,36.2
ITI1,Toscana,9.6,11.0,12.2,13.3,15.1,18.1,17.6,19.2,23.2,20.7,21.6,22.2,23.2,22.5,24.3,28.4,29.0,28.3,29.0,28.4,28.2,29.2,31.6,31.3,32.2,30.8
ITI2,Umbria,13.0,11.8,13.4,15.7,18.8,21.2,20.7,20.2,19.7,22.0,25.7,25.1,26.9,27.9,28.8,28.6,29.3,27.9,28.4,31.2,34.7,33.7,34.3,34.4,36.6,33.9
ITI3,Marche,,,,,,20.6,23.4,22.4,19.5,21.5,25.7,23.5,25.2,25.9,26.6,29.4,29.6,29.9,29.7,32.0,32.8,30.9,34.7,34.8,33.3,32.8
ITI4,Lazio,13.0,13.5,14.5,15.2,18.2,19.8,19.8,24.4,25.9,26.0,25.2,24.0,26.3,27.2,30.1,29.4,29.1,30.0,31.7,34.1,35.0,32.2,36.2,38.4,37.1,37.4
LT00,LT00,39.9,26.7,28.0,29.3,35.7,36.9,38.2,38.1,41.5,43.5,46.3,48.2,48.6,,,,,,,,,,,,,
LT01,Sostinės regionas,,,,,,,,,,,,,,62.3,63.3,66.9,68.9,68.9,68.5,67.0,69.0,73.4,73.6,72.3,71.2,77.4
LT02,Vidurio ir vakarų Lietuvos regionas,,,,,,,,,,,,,,45.5,48.0,49.2,48.8,49.3,49.3,49.0,49.3,49.1,50.1,49.4,51.5,52.3
LU00,Luxembourg,22.9,23.4,22.6,18.8,32.4,37.0,33.5,35.7,38.7,44.5,44.2,46.6,49.9,48.1,52.9,50.3,51.5,51.3,53.7,56.1,60.6,62.6,61.0,60.2,63.8,65.0
LV00,Latvija,17.3,16.6,17.3,18.5,19.7,21.7,23.0,25.7,28.8,31.6,34.7,35.1,38.7,40.7,39.4,39.9,42.1,41.6,41.6,43.8,44.2,45.5,45.9,45.1,45.0,44.7
ME00,Crna Gora,,,,,,,,,,,,25.9,26.8,31.5,32.6,31.9,34.3,35.5,34.2,39.3,40.4,,,,,
MK00,Severna Makedonija,,,,,,,12.2,14.8,15.1,19.3,21.8,25.1,26.3,26.3,28.1,30.6,32.2,33.0,33.6,35.8,37.7,34.3,35.2,32.3,35.5,35.9
MT00,Malta,8.8,14.8,12.0,16.3,18.4,17.8,20.8,22.2,23.1,22.8,24.3,26.2,28.3,31.1,31.3,31.9,34.3,34.9,40.2,41.0,40.2,42.9,42.5,46.2,47.1,47.7
NL11,Groningen,27.0,24.7,26.8,31.7,35.2,35.9,39.4,39.4,38.6,41.9,47.5,46.3,47.4,47.5,46.8,45.1,51.1,45.8,47.1,45.8,50.9,53.9,55.3,55.6,60.4,60.3
NL12,Friesland (NL),20.5,20.4,22.5,26.0,24.2,24.2,28.7,29.1,27.8,28.2,34.0,33.8,33.6,34.9,30.1,31.5,33.6,34.4,38.8,40.6,38.8,42.0,38.9,45.4,44.2,48.1
NL13,Drenthe,15.5,14.0,16.2,20.8,23.7,24.3,23.4,26.8,26.1,25.9,27.1,23.8,25.2,28.4,32.5,32.2,32.9,32.5,33.8,33.7,41.6,41.0,47.5,38.4,40.3,40.2
NL21,Overijssel,20.5,21.2,22.7,25.7,29.4,29.8,29.9,31.1,33.6,32.5,33.1,37.3,40.5,36.6,39.3,40.7,42.6,47.0,42.9,42.7,45.5,52.1,53.3,48.8,51.1,51.3
NL22,Gelderland,27.2,25.1,26.6,28.5,31.3,30.4,32.1,32.5,35.5,35.5,39.0,37.6,38.1,39.6,43.4,44.7,41.5,41.9,42.4,45.1,47.6,53.3,51.8,52.2,54.1,53.8
NL23,Flevoland,20.4,21.3,19.8,21.9,27.6,25.8,24.0,27.1,28.9,31.3,31.6,27.9,31.2,26.8,31.5,33.8,33.5,34.9,29.9,32.4,38.3,40.2,42.4,41.2,39.7,45.4
NL31,Utrecht,38.1,38.9,41.4,43.9,44.8,41.8,42.9,45.8,52.1,50.2,52.1,52.8,53.1,57.6,58.8,56.7,57.8,60.4,61.4,,,,,,,
NL32,Noord-Holland,31.8,32.4,33.2,40.2,43.3,39.4,40.9,41.1,43.2,43.9,47.8,45.0,46.3,49.4,50.7,52.8,53.7,55.6,55.5,59.0,59.6,61.1,64.0,61.6,62.0,62.6
NL33,Zuid-Holland,28.2,28.6,29.0,31.7,34.8,34.9,33.5,35.8,39.3,39.4,39.9,40.1,41.3,43.1,43.6,44.8,44.4,46.3,47.5,,,,,,,
NL34,Zeeland,16.3,20.4,19.7,21.3,22.6,20.9,23.0,20.9,24.9,29.6,32.6,25.0,20.8,29.1,31.3,33.4,27.8,30.0,36.9,35.0,36.2,44.4,39.6,33.3,37.1,42.7
NL35,NL35,,,,,,,,,,,,,,,,,,,,63.2,67.6,65.5,67.6,66.1,66.2,66.2
NL36,NL36,,,,,,,,,,,,,,,,,,,,47.7,52.6,58.0,57.7,54.9,54.2,56.7
NL41,Noord-Brabant,24.5,24.5,27.5,31.4,32.2,31.1,35.4,35.6,38.2,37.0,37.2,38.4,41.6,42.5,44.2,42.3,42.9,42.6,46.0,48.7,51.1,54.0,56.0,54.4,54.8,54.7
NL42,Limburg (NL),21.7,25.0,23.0,28.4,28.3,27.9,31.6,32.0,33.3,33.0,33.3,34.3,34.3,35.9,35.9,40.6,37.9,39.6,42.6,42.4,45.7,53.5,51.8,47.5,46.6,48.8
NO01,NO01,51.6,55.9,55.0,52.0,51.6,50.7,52.0,52.6,56.1,55.5,54.2,56.6,56.8,57.6,60.0,58.2,,,,,,,,,,
NO02,Innlandet,31.8,29.7,32.3,33.2,31.7,35.5,35.5,33.9,32.0,32.7,36.5,36.4,37.5,32.5,41.7,43.7,44.3,42.2,38.1,36.4,42.7,46.4,44.4,44.8,44.5,40.6
NO03,NO03,33.0,36.4,35.5,32.7,32.4,32.9,33.2,35.8,37.2,37.3,35.9,39.3,36.2,37.3,40.1,39.6,,,,,,,,,,
NO04,NO04,32.5,34.6,36.1,34.0,35.8,36.2,37.8,38.9,35.5,35.8,41.5,40.7,41.9,43.5,45.6,44.4,,,,,,,,,,
NO05,NO05,36.8,44.0,45.7,37.4,35.7,34.0,40.5,40.6,42.4,44.0,45.3,46.4,45.9,47.7,51.6,50.1,,,,,,,,,,
NO06,Trøndelag,36.2,43.2,42.5,42.2,41.6,41.3,38.3,38.7,48.4,50.1,48.0,47.7,44.1,44.8,50.4,52.0,52.4,49.7,49.8,51.6,54.4,53.8,49.7,52.6,54.6,53.7
NO07,Nord-Norge,33.5,37.9,36.1,33.2,37.7,35.9,35.0,33.9,34.8,37.6,40.7,37.3,31.4,42.9,46.9,41.9,39.7,36.2,39.0,39.6,39.5,43.6,49.0,45.1,46.0,46.8
NO08,Oslo og Viken,,,,,,,,,,,,,,,,,55.5,56.4,56.5,56.6,56.3,60.6,62.9,64.0,62.9,63.5
NO09,Agder og Sør-Østlandet,,,,,,,,,,,,,,,,,38.3,38.0,37.9,40.8,45.8,48.8,46.6,48.0,50.0,50.6
NO0A,Vestlandet,,,,,,,,,,,,,,,,,47.7,45.8,45.9,43.3,49.5,54.0,54.3,55.4,55.6,57.4
PL21,Małopolskie,15.2,16.0,17.8,20.7,23.1,23.6,28.9,32.0,31.2,32.7,37.8,40.4,43.5,44.2,41.9,44.3,46.8,48.6,46.1,46.4,48.2,50.1,46.8,50.8,51.2,48.1
PL22,Śląskie,11.5,12.9,13.8,19.2,22.8,25.2,29.3,29.0,31.9,38.3,37.7,40.0,41.1,41.8,40.6,40.3,41.7,42.2,43.0,42.6,41.2,40.7,40.6,44.6,43.9,43.1
PL41,Wielkopolskie,12.0,11.5,14.6,17.6,18.6,22.9,24.4,24.6,27.5,28.9,35.1,35.6,37.7,38.3,39.3,40.2,40.8,40.1,38.5,40.5,37.6,34.0,35.1,43.1,43.4,42.1
PL42,Zachodniopomorskie,14.3,15.0,15.0,18.5,23.8,24.4,28.5,30.3,31.9,33.5,33.8,34.6,35.7,37.7,37.5,40.1,39.1,37.7,38.7,39.0,36.9,35.8,37.3,43.6,42.0,40.7
PL43,Lubuskie,11.3,11.9,12.5,14.2,19.0,20.5,20.1,22.2,24.0,28.1,29.4,32.2,33.1,34.3,36.6,35.1,32.1,32.9,33.1,34.1,36.2,34.3,30.0,32.7,32.9,34.4
PL51,Dolnośląskie,14.2,15.0,16.5,20.2,21.4,24.7,27.0,28.3,29.3,34.4,34.4,37.7,38.9,40.4,43.3,41.3,40.8,41.6,47.0,51.5,51.5,49.1,43.1,47.5,48.7,50.5
PL52,Opolskie,16.6,14.0,14.9,17.0,18.4,22.2,25.2,25.0,25.6,24.9,30.4,31.9,32.3,34.7,38.3,39.2,36.9,40.0,38.9,37.9,34.0,30.6,32.9,38.8,43.0,36.7
PL61,Kujawsko-pomorskie,13.1,13.8,14.3,15.9,17.6,18.8,18.1,18.9,25.0,27.0,29.5,32.5,34.6,32.5,30.7,35.6,38.3,38.5,37.5,34.4,33.1,37.6,37.4,35.8,34.5,32.3
PL62,Warmińsko-mazurskie,13.8,11.9,14.0,16.1,19.0,21.5,21.6,22.9,25.9,34.6,30.8,30.9,31.5,33.6,33.8,33.5,33.2,32.1,34.0,31.0,27.5,29.5,33.8,34.5,34.2,33.5
PL63,Pomorskie,14.3,16.0,17.1,19.2,21.6,24.5,26.8,28.6,30.6,33.9,35.6,37.6,40.1,40.6,39.0,41.4,44.5,44.9,41.6,46.1,45.1,40.9,45.6,52.1,49.5,48.8
PL71,Łódzkie,14.1,16.0,17.0,20.3,22.5,23.9,28.4,31.4,34.2,34.2,35.8,39.1,41.3,40.8,41.2,43.3,45.4,43.5,44.6,42.6,40.6,36.0,34.9,42.5,39.5,41.8
PL72,Świętokrzyskie,11.5,15.2,20.3,23.7,27.5,27.0,26.8,30.9,32.8,36.6,37.6,38.2,42.3,43.8,42.5,40.9,44.5,43.6,41.3,39.5,39.9,36.1,37.1,39.8,38.8,37.5
PL81,Lubelskie,15.5,16.5,19.3,22.9,26.5,28.0,26.4,30.2,31.7,34.6,35.7,37.7,41.9,43.6,43.8,41.7,41.5,39.4,41.0,42.8,43.0,40.3,39.0,44.9,42.5,42.5
PL82,Podkarpackie,12.5,13.4,15.5,19.2,19.7,22.2,22.4,26.1,30.6,36.7,36.6,36.6,39.3,40.9,40.5,41.8,41.9,41.0,44.1,43.7,40.7,39.1,40.5,44.5,42.4,42.2
PL84,Podlaskie,17.1,16.0,18.6,22.4,24.6,26.2,33.2,33.3,34.5,39.9,38.1,40.9,43.5,44.3,46.6,45.4,44.9,43.2,44.1,43.8,38.7,37.3,39.6,43.3,39.3,40.4
PL91,Warszawski stołeczny,,,,,,,,,,,,,,62.7,69.6,68.1,67.9,71.0,68.7,67.1,69.1,65.6,64.0,67.5,68.6,69.6
PL92,Mazowiecki regionalny,,,,,,,,,,,,,,35.5,36.3,37.8,38.0,37.1,36.2,39.4,38.6,35.7,38.2,42.3,39.0,36.7
PT11,Norte,10.1,11.2,10.8,12.3,14.6,15.4,16.6,18.0,20.7,22.0,22.1,26.0,29.5,30.0,30.4,32.1,32.5,33.3,35.8,37.0,40.0,43.6,42.3,40.5,43.5,41.3
PT15,Algarve,9.6,8.2,13.1,15.6,19.6,21.3,20.9,15.8,18.4,23.6,25.1,23.7,22.5,23.8,23.5,20.3,27.7,29.4,30.4,31.3,36.4,33.7,33.6,33.4,31.9,32.4
PT16,Centro (PT),10.3,11.1,13.6,15.8,17.7,17.2,20.5,22.5,23.1,20.1,22.0,25.5,28.3,30.1,31.7,32.4,36.6,33.8,37.4,,,,,,,
PT17,Área Metropolitana de Lisboa,20.8,22.9,24.9,26.0,26.3,26.9,26.4,27.8,30.0,31.4,34.7,35.0,32.8,34.3,38.3,41.2,41.4,39.3,37.4,,,,,,,
PT18,Alentejo,11.1,11.6,12.4,10.8,13.7,15.8,15.2,18.7,20.1,17.7,21.5,20.2,22.1,23.7,23.8,26.1,26.9,26.7,27.0,,,,,,,
PT19,PT19,,,,,,,,,,,,,,,,,,,,41.7,41.6,50.3,45.1,42.5,42.4,46.4
PT1A,PT1A,,,,,,,,,,,,,,,,,,,,45.7,56.1,58.1,50.1,50.2,53.1,49.0
PT1B,PT1B,,,,,,,,,,,,,,,,,,,,37.8,32.1,35.3,41.3,43.2,42.8,41.0
PT1C,PT1C,,,,,,,,,,,,,,,,,,,,27.7,34.8,42.8,43.9,32.6,32.2,34.5
PT1D,PT1D,,,,,,,,,,,,,,,,,,,,30.2,31.9,41.6,35.9,36.1,36.1,40.7
PT20,Região Autónoma dos Açores,,,,,,,,,,,14.0,15.1,15.8,15.7,16.4,20.2,21.4,21.6,19.9,16.5,20.1,21.6,22.0,19.6,22.3,26.6
PT30,Região Autónoma da Madeira,,,,11.3,12.1,14.8,15.9,17.5,17.1,17.5,22.7,24.8,24.8,26.9,23.2,22.1,28.1,31.1,31.5,33.7,36.2,39.4,36.2,33.7,35.3,37.8
RO11,Nord-Vest,9.6,11.0,10.4,10.7,12.5,12.9,13.9,16.5,18.2,18.7,20.8,20.6,22.2,23.6,24.8,27.1,25.7,26.3,26.1,27.1,29.0,24.5,23.2,22.7,23.9,22.8
RO12,Centru,7.6,7.4,9.5,10.0,11.9,12.2,14.3,16.0,16.3,17.4,17.3,19.1,19.2,22.4,24.6,25.8,24.4,25.9,23.2,21.4,19.1,17.5,21.5,18.5,18.5,20.6
RO21,Nord-Est,6.8,7.1,7.7,7.5,9.1,9.9,11.1,12.6,15.9,16.2,16.9,18.8,20.1,19.1,19.6,15.9,14.6,17.1,18.6,17.1,16.9,18.0,19.4,17.1,19.8,19.0
RO22,Sud-Est,9.4,9.4,9.4,9.0,8.8,10.1,11.9,12.5,13.9,14.9,16.1,18.6,18.6,16.8,18.4,20.0,20.4,17.2,15.9,18.2,17.9,15.9,17.0,16.5,15.8,16.4
RO31,Sud-Muntenia,6.2,7.5,7.6,7.7,8.8,8.4,10.5,12.0,12.7,13.8,14.7,16.8,17.4,18.2,18.7,18.6,18.3,16.9,16.4,17.1,15.9,15.3,16.0,14.7,15.3,16.7
RO32,Bucureşti-Ilfov,19.5,19.1,23.9,25.3,29.6,32.6,33.6,36.2,39.6,39.1,40.1,43.1,45.5,46.9,47.5,46.0,45.1,49.6,50.0,52.7,51.7,50.5,54.0,49.8,49.7,47.3
RO41,Sud-Vest Oltenia,7.3,7.2,8.8,9.9,11.4,13.1,12.3,14.6,17.3,18.0,17.2,17.0,18.3,20.4,23.1,23.8,22.5,21.3,19.0,19.0,19.9,20.5,20.8,17.2,17.1,20.4
RO42,Vest,10.7,9.6,9.1,9.1,13.9,13.1,14.6,16.3,19.7,21.8,20.1,22.6,23.6,22.6,21.3,23.0,23.2,22.8,20.4,22.7,20.9,17.8,19.6,22.0,20.1,17.3
RS11,City of Belgrade,,,,,,,,,,,,,,34.2,36.8,41.4,42.3,45.0,44.3,47.4,45.9,49.3,51.1,48.5,50.6,53.3
RS12,Autonomous Province of Vojvodina,,,,,,,,,,,,,,22.3,25.3,25.9,28.2,28.5,29.3,29.8,28.1,31.2,27.4,28.6,33.3,31.9
RS21,Region Šumadije i Zapadne Srbije,,,,,,,,,,,,,,21.6,22.5,23.3,25.9,25.9,28.1,27.9,27.4,27.7,28.0,28.7,32.6,30.2
RS22,Region Južne i Istočne Srbije,,,,,,,,,,,,,,22.8,22.3,28.0,28.2,28.1,28.1,26.9,27.6,27.2,28.1,31.5,29.8,30.2
SE11,Stockholm,39.9,35.7,39.0,41.0,42.0,42.8,46.0,46.8,48.5,50.0,49.8,51.3,51.6,53.7,55.4,56.1,57.5,57.1,56.3,58.0,60.5,60.0,61.8,64.5,64.8,65.9
SE12,Östra Mellansverige,32.4,25.5,29.0,30.7,33.2,37.0,37.3,37.9,39.1,39.1,39.5,40.8,41.9,43.3,43.0,43.9,45.6,44.9,44.5,47.2,46.1,47.1,48.0,50.2,53.1,50.5
SE21,Småland med öarna,28.3,22.3,24.7,24.8,28.2,30.5,30.5,31.8,33.4,33.7,33.9,33.3,36.0,36.8,39.0,41.9,39.6,36.7,39.6,39.9,43.2,40.2,40.4,41.3,42.7,45.1
SE22,Sydsverige,32.6,27.9,29.5,32.0,34.1,37.6,41.4,44.0,44.0,46.5,44.7,44.2,44.5,47.0,46.5,46.2,48.4,49.4,49.5,49.6,48.4,50.1,55.0,54.5,53.7,49.9
SE23,Västsverige,33.0,28.4,30.6,31.0,33.8,36.3,38.6,40.0,39.2,41.4,42.1,42.9,43.8,44.0,46.7,46.4,46.0,47.5,47.8,47.7,48.4,47.8,52.9,54.9,55.8,52.9
SE31,Norra Mellansverige,21.6,18.9,20.2,24.5,26.3,28.6,28.7,24.9,27.8,32.0,31.9,32.0,31.0,30.0,31.6,33.6,36.1,36.4,37.8,38.1,38.1,33.7,39.2,44.2,45.4,45.7
SE32,Mellersta Norrland,25.7,23.6,24.8,28.4,28.3,34.6,37.8,37.3,36.7,37.4,36.3,31.9,30.8,34.3,34.2,35.8,34.9,37.0,39.1,34.7,30.1,32.4,39.8,39.4,32.7,39.3
SE33,Övre Norrland,38.5,28.3,29.2,31.6,34.2,40.6,38.5,38.7,40.6,39.7,38.5,39.4,40.0,39.8,40.1,39.1,38.3,39.1,38.7,41.1,42.3,47.1,50.0,50.3,45.7,44.4
SI01,SI01,,14.6,16.6,20.6,22.7,21.3,24.1,27.5,26.7,26.1,,,,,,,,,,,,,,,,
SI02,SI02,,20.9,23.2,27.2,27.4,28.7,30.6,33.2,34.1,35.4,,,,,,,,,,,,,,,,
SI03,Vzhodna Slovenija,,,,,,,,,,,27.5,31.2,32.8,35.2,37.3,38.1,40.2,42.0,37.5,40.4,41.9,44.3,45.0,38.3,39.9,40.2
SI04,Zahodna Slovenija,,,,,,,,,,,36.0,36.8,38.3,40.0,39.0,43.7,46.0,47.3,44.3,47.9,49.1,51.7,49.7,43.2,46.7,45.7
SK01,Bratislavský kraj,24.6,22.2,22.9,25.8,28.2,30.0,30.4,34.4,34.8,34.8,41.1,49.0,46.7,51.8,52.5,48.2,51.5,55.8,55.9,59.8,54.9,54.7,53.1,56.9,58.5,55.5
SK02,Západné Slovensko,9.2,11.4,10.3,11.4,11.4,14.6,15.1,15.1,14.4,16.6,18.7,20.2,22.1,23.5,22.1,27.5,30.5,32.7,33.9,37.0,34.1,35.4,35.9,37.7,32.7,35.3
SK03,Stredné Slovensko,10.1,8.9,10.3,11.6,14.2,15.9,15.6,15.2,17.5,21.1,24.9,23.5,25.4,28.6,28.0,29.9,32.6,31.9,33.5,34.5,32.9,35.0,34.9,39.3,36.5,31.1
SK04,Východné Slovensko,9.2,10.3,10.9,11.9,12.4,12.9,13.4,15.3,17.1,18.7,22.1,23.7,25.7,28.5,30.8,30.0,30.0,32.0,36.4,37.1,42.9,41.4,39.9,35.2,33.9,34.0
TR10,İstanbul,,,,,,,15.7,16.6,19.4,20.0,18.8,20.9,24.8,26.3,29.4,31.7,35.7,37.1,39.3,40.0,41.6,45.5,46.2,48.5,49.5,50.6
TR21,"Tekirdağ, Edirne, Kırklareli",,,,,,,11.0,12.2,19.1,18.9,16.4,17.5,21.1,22.5,22.6,25.1,26.5,31.9,33.1,35.6,41.4,40.0,37.5,40.0,42.3,41.8
TR22,"Balıkesir, Çanakkale",,,,,,,10.3,12.3,12.5,12.8,15.3,19.3,19.3,22.8,27.5,31.3,31.0,29.9,34.3,39.7,39.8,39.9,43.3,47.1,48.9,48.1
TR31,İzmir,,,,,,,14.2,19.5,21.9,24.4,23.8,23.7,24.9,25.9,26.9,30.2,32.2,35.2,39.6,41.3,38.4,41.7,45.2,45.4,49.0,48.8
TR32,"Aydın, Denizli, Muğla",,,,,,,11.6,12.2,13.6,14.6,16.2,17.4,17.7,18.1,21.7,25.2,28.4,29.2,31.0,35.8,38.4,37.9,43.1,43.6,43.2,44.8
TR33,"Manisa, Afyonkarahisar, Kütahya, Uşak",,,,,,,8.3,9.1,10.9,10.9,14.5,14.6,12.4,12.6,18.9,22.9,26.0,27.0,27.4,29.0,32.1,34.0,34.8,33.4,37.3,41.7
TR41,"Bursa, Eskişehir, Bilecik",,,,,,,12.5,12.6,14.9,17.4,15.1,16.4,20.4,23.3,25.4,26.8,30.3,31.5,32.8,33.3,34.8,38.8,42.7,43.9,44.2,45.0
TR42,"Kocaeli, Sakarya, Düzce, Bolu, Yalova",,,,,,,11.6,13.5,14.3,14.9,16.6,20.5,23.5,27.7,24.9,26.8,29.1,29.4,30.6,33.7,36.7,38.8,39.5,41.7,47.3,46.9
TR51,Ankara,,,,,,,22.7,23.9,25.6,28.1,27.5,28.9,31.9,32.6,37.4,38.3,41.7,42.5,41.6,43.7,48.2,48.5,49.0,49.4,52.9,57.2
TR52,"Konya, Karaman",,,,,,,12.0,11.1,13.3,16.6,15.5,15.2,15.2,16.4,19.4,22.9,25.5,23.9,25.2,28.3,31.6,32.5,33.3,37.2,38.9,41.6
TR61,"Antalya, Isparta, Burdur",,,,,,,14.3,14.1,13.4,14.1,18.6,20.7,21.8,23.5,24.6,27.6,31.8,31.1,32.8,37.2,38.5,40.9,43.2,46.9,47.5,47.4
TR62,"Adana, Mersin",,,,,,,13.4,13.6,13.7,12.7,14.4,15.4,17.6,17.5,20.8,24.2,25.9,26.6,30.4,31.0,33.1,37.6,37.8,39.3,41.1,43.4
TR63,"Hatay, Kahramanmaraş, Osmaniye",,,,,,,11.5,9.8,9.2,10.0,11.1,12.6,15.6,15.4,16.6,20.6,23.0,21.7,22.6,27.3,33.1,35.5,37.0,38.1,38.8,39.1
TR71,"Kırıkkale, Aksaray, Niğde, Nevşehir, Kırşehir",,,,,,,10.2,11.1,13.8,13.6,14.2,15.2,18.2,19.9,19.3,22.2,21.2,25.9,27.6,29.2,31.1,32.2,36.2,37.4,35.9,35.6
TR72,"Kayseri, Sivas, Yozgat",,,,,,,11.1,12.8,11.0,13.2,16.0,15.8,17.5,22.6,20.0,21.7,22.6,25.2,27.3,32.1,31.9,33.5,38.7,39.6,43.9,46.0
TR81,"Zonguldak, Karabük, Bartın",,,,,,,11.9,9.1,8.9,14.0,16.8,18.7,17.6,18.8,17.7,20.6,22.3,26.4,33.2,35.4,36.6,37.7,39.4,42.1,41.0,44.2
TR82,"Kastamonu, Çankırı, Sinop",,,,,,,9.1,8.9,10.8,13.3,15.1,16.2,16.7,17.0,17.6,21.5,24.6,28.1,32.6,31.1,29.1,36.6,42.2,40.8,41.7,42.0
TR83,"Samsun, Tokat, Çorum, Amasya",,,,,,,9.9,13.1,12.6,13.7,15.3,14.3,14.2,14.9,18.8,22.1,22.6,26.0,25.9,25.9,31.1,33.3,35.6,40.6,43.6,45.6
TR90,"Trabzon, Ordu, Giresun, Rize, Artvin, Gümüşhane",,,,,,,15.5,13.2,11.7,11.4,15.2,16.2,15.0,18.5,22.8,28.4,29.7,28.6,29.9,35.1,38.2,40.5,41.0,44.9,44.9,48.4
TRA1,"Erzurum, Erzincan, Bayburt",,,,,,,11.2,11.2,13.2,16.2,15.9,13.2,19.1,21.1,17.5,21.1,24.2,29.3,33.0,35.4,35.7,41.6,40.6,44.6,45.8,47.6
TRA2,"Ağrı, Kars, Iğdır, Ardahan",,,,,,,10.3,8.8,6.5,8.4,10.4,11.8,16.4,14.6,13.9,19.4,18.1,18.3,20.7,22.1,31.5,30.3,28.2,28.6,29.7,33.2
TRB1,"Malatya, Elazığ, Bingöl, Tunceli",,,,,,,10.2,10.3,9.7,11.4,13.7,15.3,16.3,18.1,24.7,27.5,33.2,32.7,34.2,37.5,37.9,41.0,41.3,37.0,39.2,45.0
TRB2,"Van, Muş, Bitlis, Hakkari",,,,,,,5.0,6.5,7.6,8.7,9.4,11.5,14.1,12.1,12.3,12.5,14.5,16.0,19.4,25.1,26.7,25.6,24.8,24.1,25.6,29.2
TRC1,"Gaziantep, Adıyaman, Kilis",,,,,,,5.7,4.7,5.8,7.0,10.6,10.3,11.0,15.2,17.9,21.5,24.7,22.5,22.8,24.6,28.4,30.3,31.2,34.8,34.7,35.2
TRC2,"Şanlıurfa, Diyarbakır",,,,,,,6.7,7.6,5.0,8.1,12.4,12.9,10.5,11.9,12.9,13.6,18.2,22.6,20.5,21.1,21.0,24.7,27.6,26.2,23.6,26.4
TRC3,"Mardin, Batman, Şırnak, Siirt",,,,,,,8.3,6.4,5.7,6.7,9.4,12.3,13.7,12.4,12.0,16.4,19.6,20.3,22.7,22.9,26.1,26.9,27.0,28.5,28.6,30.1
UKC1,Tees Valley and Durham,21.8,21.1,23.8,27.0,24.6,26.1,27.1,30.7,27.9,31.1,37.6,31.3,31.6,27.9,32.2,37.5,35.1,33.8,37.0,33.8,,,,,,
UKC2,Northumberland and Tyne and Wear,23.9,27.2,26.8,27.3,32.7,30.9,34.5,34.9,36.0,36.4,37.5,38.3,39.5,38.1,35.8,42.5,46.4,42.8,36.7,37.8,,,,,,
UKD1,Cumbria,16.1,20.3,25.5,28.2,33.4,21.9,26.2,34.6,32.9,37.5,29.2,29.6,37.0,40.3,36.1,32.4,36.7,38.1,40.4,39.1,,,,,,
UKD3,Greater Manchester,29.8,30.8,33.9,28.1,33.2,33.1,35.8,35.4,32.7,38.0,37.5,42.9,43.5,43.6,43.9,44.4,46.0,45.3,44.7,47.7,,,,,,
UKD4,Lancashire,26.3,22.6,25.6,27.1,34.3,29.3,28.0,29.6,31.5,30.5,35.1,35.7,35.7,30.0,33.7,39.8,37.0,38.0,42.0,42.0,,,,,,
UKD6,Cheshire,,,,,39.9,35.6,41.4,41.1,35.8,39.1,38.6,38.9,44.9,46.6,44.4,43.7,48.6,49.0,42.5,46.6,,,,,,
UKD7,Merseyside,,,,,27.9,31.3,31.5,26.9,35.2,42.5,33.3,33.1,34.8,38.5,36.4,38.1,39.2,34.7,41.3,44.1,,,,,,
UKE1,East Yorkshire and Northern Lincolnshire,20.7,24.7,21.3,22.0,23.2,23.5,21.2,26.4,29.9,27.9,26.0,31.0,28.9,29.6,29.1,34.5,34.5,42.0,34.5,27.3,,,,,,
UKE2,North Yorkshire,35.6,29.9,26.7,33.8,37.5,34.4,34.9,36.1,44.4,48.6,41.8,40.5,48.0,44.8,41.0,39.0,39.4,41.8,50.3,41.0,,,,,,
UKE3,South Yorkshire,19.4,21.2,21.9,28.2,28.3,28.1,28.6,30.2,31.1,32.5,33.7,35.6,38.4,35.1,35.1,39.1,36.9,34.5,40.5,40.5,,,,,,
UKE4,West Yorkshire,29.2,28.3,29.9,31.6,33.5,32.9,31.0,32.4,32.4,35.1,35.8,34.7,40.9,41.6,38.3,37.8,37.5,39.5,42.1,39.8,,,,,,
UKF1,Derbyshire and Nottinghamshire,25.2,24.5,27.5,28.1,32.0,32.8,33.6,31.5,32.4,35.7,37.4,36.8,35.7,35.3,37.4,42.8,39.9,42.5,43.4,39.6,,,,,,
UKF2,"Leicestershire, Rutland and Northamptonshire",25.7,25.7,28.7,26.9,33.4,32.2,33.2,32.6,32.1,34.5,32.5,38.4,39.1,40.5,40.8,41.9,40.8,40.7,43.8,42.5,,,,,,
UKF3,Lincolnshire,24.1,23.2,22.7,25.1,24.4,20.1,24.1,27.1,29.4,24.8,27.3,33.0,33.7,34.7,32.7,33.2,31.3,41.5,35.6,34.5,,,,,,
UKG1,"Herefordshire, Worcestershire and Warwickshire",33.0,33.6,36.3,26.3,33.0,37.7,39.7,42.9,37.1,36.6,37.6,35.7,41.1,40.1,41.1,42.9,43.8,38.3,41.4,45.7,,,,,,
UKG2,Shropshire and Staffordshire,21.0,24.1,29.6,27.0,27.6,30.1,32.2,30.5,30.5,30.9,33.1,34.4,32.9,31.4,31.0,37.5,33.3,36.5,36.3,40.0,,,,,,
UKG3,West Midlands,25.3,26.3,27.3,26.7,30.3,30.0,28.9,32.3,33.9,33.4,34.7,33.7,34.2,34.8,36.1,39.4,39.9,37.2,38.4,43.4,,,,,,
UKH1,East Anglia,24.1,27.3,30.0,29.1,29.0,29.3,30.7,33.1,32.6,36.7,38.3,36.1,38.9,38.9,39.0,39.2,40.2,37.7,38.7,38.7,,,,,,
UKH2,Bedfordshire and Hertfordshire,31.9,36.2,31.9,37.6,38.4,36.7,34.4,38.7,40.6,38.7,40.4,44.7,49.8,45.8,50.2,45.7,44.2,47.6,50.9,49.7,,,,,,
UKH3,Essex,19.7,24.0,27.0,23.8,24.2,28.4,27.7,32.0,26.6,29.7,32.6,33.9,33.1,36.2,36.6,38.2,35.3,38.2,39.4,44.7,,,,,,
UKI1,UKI1,57.7,60.3,61.4,49.6,48.5,49.6,51.8,55.1,56.6,59.7,,,,,,,,,,,,,,,,
UKI2,UKI2,39.5,45.0,46.6,37.4,38.0,41.8,42.1,43.1,44.0,44.0,,,,,,,,,,,,,,,,
UKI3,Inner London — West,,,,,,,,,,,72.0,74.8,76.7,78.8,75.9,78.3,84.9,82.3,78.6,77.2,,,,,,
UKI4,Inner London — East,,,,,,,,,,,61.4,65.1,69.1,67.1,65.1,68.6,69.8,70.4,74.2,75.9,,,,,,
UKI5,Outer London — East and North East,,,,,,,,,,,41.0,43.9,41.7,47.1,50.2,51.3,51.8,55.1,54.0,51.8,,,,,,
UKI6,Outer London — South,,,,,,,,,,,51.9,51.7,54.0,58.7,55.1,67.4,62.1,58.5,56.2,58.9,,,,,,
UKI7,Outer London — West and North West,,,,,,,,,,,50.6,56.6,60.8,61.5,57.7,60.1,61.9,63.7,63.5,68.6,,,,,,
UKJ1,"Berkshire, Buckinghamshire and Oxfordshire",40.7,37.7,42.2,43.3,45.0,43.0,40.9,40.4,43.5,47.8,47.4,51.4,51.7,51.9,55.0,54.0,51.8,54.2,54.8,50.1,,,,,,
UKJ2,"Surrey, East and West Sussex",35.6,40.5,38.9,40.0,39.2,42.6,39.9,40.5,42.7,43.8,48.6,49.1,49.6,45.4,44.3,42.4,46.9,48.4,49.9,53.9,,,,,,
UKJ3,Hampshire and Isle of Wight,30.4,29.7,36.3,34.5,35.3,34.2,37.1,36.0,35.1,39.6,42.5,45.2,39.7,43.0,45.6,40.7,38.5,41.4,45.7,49.3,,,,,,
UKJ4,Kent,23.9,21.5,27.5,26.4,29.5,31.5,31.0,30.2,29.7,29.7,33.4,34.5,33.8,36.8,39.8,34.3,42.4,32.5,37.5,43.8,,,,,,
UKK1,"Gloucestershire, Wiltshire and Bristol/Bath area",38.0,33.3,36.1,36.7,38.4,41.2,40.9,39.8,38.1,38.0,39.5,48.9,49.4,48.2,53.3,51.1,48.2,52.4,49.7,49.9,,,,,,
UKK2,Dorset and Somerset,25.7,26.3,29.9,31.6,28.6,32.6,36.0,32.0,33.4,35.0,32.4,33.6,35.5,39.1,40.4,40.9,34.6,36.0,42.3,45.6,,,,,,
UKK3,Cornwall and Isles of Scilly,17.2,19.2,21.7,25.4,22.9,19.1,29.7,31.3,32.1,31.3,29.9,31.9,32.5,31.3,41.6,28.8,35.5,41.2,40.3,48.0,,,,,,
UKK4,Devon,25.7,24.3,26.9,32.1,25.0,31.5,32.8,32.8,41.7,41.7,39.9,37.9,41.5,35.5,37.3,38.4,43.2,41.7,42.7,37.5,,,,,,
UKL1,West Wales and The Valleys,23.0,21.6,26.6,25.2,29.9,27.6,27.3,28.6,30.9,34.7,31.8,34.8,33.6,34.5,34.7,36.1,35.9,34.3,39.3,39.7,,,,,,
UKL2,East Wales,33.7,32.4,35.4,41.1,40.5,36.0,37.8,40.1,37.6,43.4,47.6,45.8,45.3,43.8,47.6,45.9,41.5,43.4,42.8,43.5,,,,,,
UKM2,UKM2,37.7,39.8,38.9,43.8,46.4,44.7,45.6,44.9,48.4,44.7,43.2,52.1,52.9,,,,,,,,,,,,,
UKM3,UKM3,35.3,37.7,39.4,40.4,41.2,37.0,44.3,43.9,43.6,42.2,45.4,51.8,50.6,,,,,,,,,,,,,
UKM5,North Eastern Scotland,39.6,42.4,39.1,43.4,46.5,44.8,45.2,51.4,52.1,49.1,49.1,64.2,52.0,52.5,58.2,61.5,64.1,62.2,61.6,61.6,,,,,,
UKM6,Highlands and Islands,24.5,29.1,31.0,31.8,34.6,32.7,42.7,36.6,39.5,49.8,43.8,36.6,40.4,46.9,54.0,49.4,41.2,46.1,46.7,47.9,,,,,,
UKM7,Eastern Scotland,,,,,,,,,,,,,,53.2,54.9,56.9,61.5,59.8,56.7,57.7,,,,,,
UKM8,West Central Scotland,,,,,,,,,,,,,,53.0,56.3,59.3,58.7,56.8,52.4,59.9,,,,,,
UKM9,Southern Scotland,,,,,,,,,,,,,,41.1,47.8,46.3,45.6,43.6,44.4,50.6,,,,,,
UKN0,Northern Ireland,26.0,28.4,30.0,32.1,34.3,33.2,35.7,36.0,39.4,35.9,38.0,37.2,37.5,39.1,39.5,35.7,37.5,38.1,41.4,48.1,,,,,,
